{"cameraMode":{"drawMode":0,"name":"Shaded","section":"Shading Mode"},"sceneLighting":false,"audioPlay":false,"sceneViewState":{"showFog":true,"showMaterialUpdate":false,"showSkybox":true,"showFlares":true,"showImageEffects":true,"showParticleSystems":true},"in2DMode":false,"pivot":{"x":-0.2775776982307434,"y":-0.26857805252075198,"z":-0.5137109756469727},"rotation":{"x":-0.4607178866863251,"y":0.004524207208305597,"z":-0.0023481184616684915,"w":-0.8875319957733154},"size":9.355921745300293,"orthographic":false}