{"cameraMode":{"drawMode":0,"name":"Shaded","section":"Shading Mode"},"sceneLighting":false,"audioPlay":false,"sceneViewState":{"showFog":true,"showMaterialUpdate":false,"showSkybox":true,"showFlares":true,"showImageEffects":true,"showParticleSystems":true},"in2DMode":false,"pivot":{"x":0.0,"y":0.039686910808086398,"z":0.0000016093254089355469},"rotation":{"x":0.06979510188102722,"y":0.49311137199401858,"z":-0.03973124548792839,"w":0.8662513494491577},"size":1.621302843093872,"orthographic":true}