{"cameraMode":{"drawMode":0,"name":"Shaded","section":"Shading Mode"},"sceneLighting":false,"audioPlay":false,"sceneViewState":{"showFog":true,"showMaterialUpdate":false,"showSkybox":true,"showFlares":true,"showImageEffects":true,"showParticleSystems":true},"in2DMode":false,"pivot":{"x":-5.960464477539063e-8,"y":0.07919308543205261,"z":4.76837158203125e-7},"rotation":{"x":-0.5117244720458984,"y":0.017264356836676599,"z":-0.010285363532602787,"w":-0.8589146137237549},"size":9.337467193603516,"orthographic":false}