{"cameraMode":{"drawMode":0,"name":"Shaded","section":"Shading Mode"},"sceneLighting":false,"audioPlay":false,"sceneViewState":{"showFog":true,"showMaterialUpdate":false,"showSkybox":true,"showFlares":true,"showImageEffects":true,"showParticleSystems":true},"in2DMode":false,"pivot":{"x":-1.1625373363494874,"y":-0.008322000503540039,"z":1.0609767436981202},"rotation":{"x":-0.5255138874053955,"y":-0.03392883017659187,"z":0.020980549976229669,"w":-0.849849283695221},"size":2.3334531784057619,"orthographic":false}