{"cameraMode":{"drawMode":0,"name":"Shaded","section":"Shading Mode"},"sceneLighting":false,"audioPlay":false,"sceneViewState":{"showFog":true,"showMaterialUpdate":false,"showSkybox":true,"showFlares":true,"showImageEffects":true,"showParticleSystems":true},"in2DMode":false,"pivot":{"x":0.3388853073120117,"y":-0.7420015335083008,"z":2.7988133430480959},"rotation":{"x":-0.26670894026756289,"y":0.4991646111011505,"z":-0.16480766236782075,"w":-0.8077991604804993},"size":7.999326705932617,"orthographic":false}