{"cameraMode":{"drawMode":0,"name":"Shaded","section":"Shading Mode"},"sceneLighting":false,"audioPlay":false,"sceneViewState":{"showFog":true,"showMaterialUpdate":false,"showSkybox":true,"showFlares":true,"showImageEffects":true,"showParticleSystems":true},"in2DMode":false,"pivot":{"x":0.73734450340271,"y":1.1662015914916993,"z":5.997694492340088},"rotation":{"x":-0.06821684539318085,"y":0.5918432474136353,"z":-0.05036753788590431,"w":-0.8015804290771484},"size":2.526883363723755,"orthographic":false}