{"cameraMode":{"drawMode":0,"name":"Shaded","section":"Shading Mode"},"sceneLighting":false,"audioPlay":false,"sceneViewState":{"showFog":true,"showMaterialUpdate":false,"showSkybox":true,"showFlares":true,"showImageEffects":true,"showParticleSystems":true},"in2DMode":false,"pivot":{"x":42.0,"y":0.07919308543205261,"z":4.000000953674316},"rotation":{"x":-0.35378751158714297,"y":0.201666459441185,"z":-0.07840695232152939,"w":-0.9099546074867249},"size":9.337467193603516,"orthographic":false}