{"cameraMode":{"drawMode":0,"name":"Shaded","section":"Shading Mode"},"sceneLighting":false,"audioPlay":false,"sceneViewState":{"showFog":true,"showMaterialUpdate":false,"showSkybox":true,"showFlares":true,"showImageEffects":true,"showParticleSystems":true},"in2DMode":false,"pivot":{"x":-38.566036224365237,"y":-2.5009078979492189,"z":4.90821647644043},"rotation":{"x":-0.473254919052124,"y":0.16513808071613313,"z":-0.09081878513097763,"w":-0.8605296015739441},"size":33.16899871826172,"orthographic":false}