{"cameraMode":{"drawMode":0,"name":"Shaded","section":"Shading Mode"},"sceneLighting":true,"audioPlay":false,"sceneViewState":{"showFog":true,"showMaterialUpdate":true,"showSkybox":true,"showFlares":true,"showImageEffects":true,"showParticleSystems":true},"in2DMode":false,"pivot":{"x":1.480943202972412,"y":5.206089973449707,"z":6.456449508666992},"rotation":{"x":-0.3972030282020569,"y":0.14494659006595612,"z":-0.06368900835514069,"w":-0.9039711952209473},"size":8.483176231384278,"orthographic":false}