{"cameraMode":{"drawMode":0,"name":"Shaded","section":"Shading Mode"},"sceneLighting":false,"audioPlay":false,"sceneViewState":{"showFog":true,"showMaterialUpdate":true,"showSkybox":true,"showFlares":true,"showImageEffects":true,"showParticleSystems":true},"in2DMode":false,"pivot":{"x":-22.10628318786621,"y":3.3251399993896486,"z":7.54198694229126},"rotation":{"x":-0.12624548375606538,"y":-0.6814384460449219,"z":0.12105318903923035,"w":-0.7106685638427734},"size":7.812443256378174,"orthographic":false}