{"cameraMode":{"drawMode":0,"name":"Shaded","section":"Shading Mode"},"sceneLighting":false,"audioPlay":false,"sceneViewState":{"showFog":true,"showMaterialUpdate":true,"showSkybox":true,"showFlares":true,"showImageEffects":true,"showParticleSystems":true},"in2DMode":false,"pivot":{"x":0.4519999623298645,"y":1.0000007152557374,"z":5.5796356201171879},"rotation":{"x":-0.46615347266197207,"y":0.037138957530260089,"z":-0.01958993822336197,"w":-0.8837069272994995},"size":5.526884078979492,"orthographic":false}