{"cameraMode":{"drawMode":0,"name":"Shaded","section":"Shading Mode"},"sceneLighting":true,"audioPlay":false,"sceneViewState":{"showFog":true,"showMaterialUpdate":true,"showSkybox":true,"showFlares":true,"showImageEffects":true,"showParticleSystems":true},"in2DMode":false,"pivot":{"x":-8.331544876098633,"y":0.5824114084243774,"z":3.111252546310425},"rotation":{"x":-0.10990603268146515,"y":0.07001430541276932,"z":-0.00776060251519084,"w":-0.9914426207542419},"size":6.184137344360352,"orthographic":false}