{"cameraMode":{"drawMode":0,"name":"Shaded","section":"Shading Mode"},"sceneLighting":true,"audioPlay":false,"sceneViewState":{"showFog":true,"showMaterialUpdate":true,"showSkybox":true,"showFlares":true,"showImageEffects":true,"showParticleSystems":true},"in2DMode":false,"pivot":{"x":-1.1605596542358399,"y":-0.7262834310531616,"z":2.591968059539795},"rotation":{"x":-0.08815611898899079,"y":-0.15769802033901215,"z":0.014136131852865219,"w":-0.9834429621696472},"size":8.12933349609375,"orthographic":false}