{"cameraMode":{"drawMode":0,"name":"Shaded","section":"Shading Mode"},"sceneLighting":true,"audioPlay":false,"sceneViewState":{"showFog":true,"showMaterialUpdate":true,"showSkybox":true,"showFlares":true,"showImageEffects":true,"showParticleSystems":true},"in2DMode":false,"pivot":{"x":11.97679328918457,"y":1.2374601364135743,"z":3.104930877685547},"rotation":{"x":-0.1914803385734558,"y":-0.46745237708091738,"z":0.10448168963193894,"w":-0.8566838502883911},"size":10.41363525390625,"orthographic":false}