{"cameraMode":{"drawMode":0,"name":"Shaded","section":"Shading Mode"},"sceneLighting":true,"audioPlay":false,"sceneViewState":{"showFog":true,"showMaterialUpdate":true,"showSkybox":true,"showFlares":true,"showImageEffects":true,"showParticleSystems":true},"in2DMode":false,"pivot":{"x":18.261743545532228,"y":5.815179824829102,"z":-20.2659969329834},"rotation":{"x":-0.11341739445924759,"y":0.8856099247932434,"z":-0.3397423028945923,"w":-0.2956463396549225},"size":43.41264343261719,"orthographic":false}