{"cameraMode":{"drawMode":0,"name":"Shaded","section":"Shading Mode"},"sceneLighting":false,"audioPlay":false,"sceneViewState":{"showFog":true,"showMaterialUpdate":true,"showSkybox":true,"showFlares":true,"showImageEffects":true,"showParticleSystems":true},"in2DMode":false,"pivot":{"x":2.34149169921875,"y":-1.47265625,"z":2.53173828125},"rotation":{"x":-0.6395259499549866,"y":0.00576722202822566,"z":-0.004796855617314577,"w":-0.7687329649925232},"size":12.193603515625,"orthographic":true}