{"cameraMode":{"drawMode":0,"name":"Shaded","section":"Shading Mode"},"sceneLighting":true,"audioPlay":false,"sceneViewState":{"showFog":true,"showMaterialUpdate":true,"showSkybox":true,"showFlares":true,"showImageEffects":true,"showParticleSystems":true},"in2DMode":false,"pivot":{"x":-1.5026490688323975,"y":0.9046341776847839,"z":5.462789058685303},"rotation":{"x":-0.20306053757667542,"y":-0.6956842541694641,"z":0.21588508784770966,"w":-0.654357373714447},"size":1.2320129871368409,"orthographic":false}