{"cameraMode":{"drawMode":0,"name":"Shaded","section":"Shading Mode"},"sceneLighting":false,"audioPlay":false,"sceneViewState":{"showFog":true,"showMaterialUpdate":true,"showSkybox":true,"showFlares":true,"showImageEffects":true,"showParticleSystems":true},"in2DMode":false,"pivot":{"x":1.0479332208633423,"y":0.70064377784729,"z":0.7996127605438232},"rotation":{"x":-0.3572101294994354,"y":-0.023812217637896539,"z":0.009111045859754086,"w":-0.93367600440979},"size":5.61008358001709,"orthographic":false}