{"cameraMode":{"drawMode":0,"name":"Shaded","section":"Shading Mode"},"sceneLighting":false,"audioPlay":false,"sceneViewState":{"showFog":true,"showMaterialUpdate":true,"showSkybox":true,"showFlares":true,"showImageEffects":true,"showParticleSystems":true},"in2DMode":false,"pivot":{"x":-2.897041082382202,"y":-2.8849050998687746,"z":3.7475624084472658},"rotation":{"x":-0.28095510601997378,"y":0.28244340419769289,"z":-0.0869065448641777,"w":-0.9130921363830566},"size":7.058225631713867,"orthographic":false}