{"cameraMode":{"drawMode":0,"name":"Shaded","section":"Shading Mode"},"sceneLighting":false,"audioPlay":false,"sceneViewState":{"showFog":true,"showMaterialUpdate":true,"showSkybox":true,"showFlares":true,"showImageEffects":true,"showParticleSystems":true},"in2DMode":false,"pivot":{"x":-3.1844491958618166,"y":-3.314594268798828,"z":2.9262475967407228},"rotation":{"x":-0.3141782879829407,"y":0.38909652829170229,"z":-0.14313551783561707,"w":-0.8540539741516113},"size":7.058225631713867,"orthographic":false}