{"cameraMode":{"drawMode":0,"name":"Shaded","section":"Shading Mode"},"sceneLighting":false,"audioPlay":false,"sceneViewState":{"showFog":true,"showMaterialUpdate":true,"showSkybox":true,"showFlares":true,"showImageEffects":true,"showParticleSystems":true},"in2DMode":false,"pivot":{"x":0.7324406504631043,"y":0.01957845687866211,"z":2.1448099613189699},"rotation":{"x":-0.6211404800415039,"y":0.0644446536898613,"z":-0.05136096104979515,"w":-0.7793545126914978},"size":8.104706764221192,"orthographic":false}